Country,National Government Trust,EU Trust
BE,40,55
BG,19,49
CZ,30,43
DK,52,65
D-W,54,53
DE,49,49
D-E,30,32
EE,39,48
IE,46,58
EL,22,37
ES,23,50
FR,23,34
HR,20,42
IT,33,46
CY,33,42
LV,30,56
LT,36,69
LU,70,60
HU,48,56
MT,63,71
NL,38,52
AT,39,44
PL,26,64
PT,45,68
RO,27,54
SI,37,44
SK,18,44
FI,68,60
SE,53,61
TR,18,27
MK,43,28
ME,20,39
RS,37,49
AL,48,29
MD,38,68
UK,79,45
CH,57,59
NO,16,42
BA,44,63
XK,57,65
CY(TCC),27,43
