Country Name,Country,Euro
Belgium,BE,1
Greece,EL,1
Lithuania,LT,1
Portugal,PT,1
Bulgaria,BG,0
Spain,ES,1
Luxembourg,LU,1
Romania,RO,0
Czechia,CZ,0
France,FR,1
Hungary,HU,0
Slovenia,SI,1
Denmark,DK,0
Croatia,HR,0
Malta,MT,1
Slovakia,SK,1
Germany,DE,1
Italy,IT,1
Netherlands,NL,1
Finland,FI,1
Estonia,EE,0
Cyprus,CY,1
Austria,AT,1
Sweden,SE,0
Ireland,IE,1
Latvia,LV,1
Poland,PL,0